index,seq,modifications,tr
"Adult_Adrenalgland_Gel_Elite_49_f22.4872.4872.3 File:""Adult_Adrenalgland_Gel_Elite_49_f22.raw"", NativeID:""controllerType=0 controllerNumber=1 scan=4872""",AVGDKLPECEAVCGKPK,8|Carbamidomethyl|12|Carbamidomethyl,2050.6201
"Adult_Adrenalgland_Gel_Elite_49_f22.15402.15402.3 File:""Adult_Adrenalgland_Gel_Elite_49_f22.raw"", NativeID:""controllerType=0 controllerNumber=1 scan=15402""",VADALTNAVAHVDDMPNALSALSDLHAHK,0,4829.2183
"Adult_Adrenalgland_Gel_Elite_49_f22.840.840.3 File:""Adult_Adrenalgland_Gel_Elite_49_f22.raw"", NativeID:""controllerType=0 controllerNumber=1 scan=840""",QHVHPEETGGSDR,0,708.564
"Adult_Adrenalgland_Gel_Elite_49_f22.15758.15758.2 File:""Adult_Adrenalgland_Gel_Elite_49_f22.raw"", NativeID:""controllerType=0 controllerNumber=1 scan=15758""",IPGGATLVFEVELLK,0,4895.0705
"Adult_Adrenalgland_Gel_Elite_49_f22.6330.6330.3 File:""Adult_Adrenalgland_Gel_Elite_49_f22.raw"", NativeID:""controllerType=0 controllerNumber=1 scan=6330""",VLHEAEGHIVTCETNTGEVYR,11|Carbamidomethyl,2459.0806
"Adult_Adrenalgland_Gel_Elite_49_f22.15544.15544.3 File:""Adult_Adrenalgland_Gel_Elite_49_f22.raw"", NativeID:""controllerType=0 controllerNumber=1 scan=15544""",LLSHCLLVTLAAHLPAEFTPAVHASLDK,4|Carbamidomethyl,4855.7144
"Adult_Adrenalgland_Gel_Elite_49_f22.617.617.3 File:""Adult_Adrenalgland_Gel_Elite_49_f22.raw"", NativeID:""controllerType=0 controllerNumber=1 scan=617""",TISHESGEHSAQGK,0,617.5146
"Adult_Adrenalgland_Gel_Elite_49_f22.11786.11786.2 File:""Adult_Adrenalgland_Gel_Elite_49_f22.raw"", NativeID:""controllerType=0 controllerNumber=1 scan=11786""",DLAYKPLYSWEEAK,0,3891.289
"Adult_Adrenalgland_Gel_Elite_49_f22.9898.9898.2 File:""Adult_Adrenalgland_Gel_Elite_49_f22.raw"", NativeID:""controllerType=0 controllerNumber=1 scan=9898""",TYFPHFDLSHGSAQVK,0,3399.5217
"Adult_Adrenalgland_Gel_Elite_49_f22.3507.3507.2 File:""Adult_Adrenalgland_Gel_Elite_49_f22.raw"", NativeID:""controllerType=0 controllerNumber=1 scan=3507""",PGYSYTAANK,0,1622.86
"Adult_Adrenalgland_Gel_Elite_49_f22.15754.15754.3 File:""Adult_Adrenalgland_Gel_Elite_49_f22.raw"", NativeID:""controllerType=0 controllerNumber=1 scan=15754""",VLDFEHFLPMLQTVAK,0,4894.3799
"Adult_Adrenalgland_Gel_Elite_49_f22.10461.10461.2 File:""Adult_Adrenalgland_Gel_Elite_49_f22.raw"", NativeID:""controllerType=0 controllerNumber=1 scan=10461""",FVMVVDSSNTALR,0,3551.9353
"Adult_Adrenalgland_Gel_Elite_49_f22.4208.4208.3 File:""Adult_Adrenalgland_Gel_Elite_49_f22.raw"", NativeID:""controllerType=0 controllerNumber=1 scan=4208""",DDRYCESIMR,4|Carbamidomethyl|8|Oxidation,1850.4661
"Adult_Adrenalgland_Gel_Elite_49_f22.11280.11280.3 File:""Adult_Adrenalgland_Gel_Elite_49_f22.raw"", NativeID:""controllerType=0 controllerNumber=1 scan=11280""",GTFATLSELHCDKLHVDPENFR,10|Carbamidomethyl,3769.2344
"Adult_Adrenalgland_Gel_Elite_49_f22.1020.1020.3 File:""Adult_Adrenalgland_Gel_Elite_49_f22.raw"", NativeID:""controllerType=0 controllerNumber=1 scan=1020""",GKYDCGHVQK,4|Carbamidomethyl,780.6652
"Adult_Adrenalgland_Gel_Elite_49_f22.8263.8263.2 File:""Adult_Adrenalgland_Gel_Elite_49_f22.raw"", NativeID:""controllerType=0 controllerNumber=1 scan=8263""",KVFANPEDCVAFGK,8|Carbamidomethyl,2966.0419
"Adult_Adrenalgland_Gel_Elite_49_f22.7741.7741.2 File:""Adult_Adrenalgland_Gel_Elite_49_f22.raw"", NativeID:""controllerType=0 controllerNumber=1 scan=7741""",HLMWDLGK,2|Oxidation,2833.4313
"Adult_Adrenalgland_Gel_Elite_49_f22.3366.3366.4 File:""Adult_Adrenalgland_Gel_Elite_49_f22.raw"", NativeID:""controllerType=0 controllerNumber=1 scan=3366""",VTHTGQVYDDKDYR,0,1581.1052
"Adult_Adrenalgland_Gel_Elite_49_f22.3319.3319.3 File:""Adult_Adrenalgland_Gel_Elite_49_f22.raw"", NativeID:""controllerType=0 controllerNumber=1 scan=3319""",GDVLHMHYTGK,5|Oxidation,1567.9736
"Adult_Adrenalgland_Gel_Elite_49_f22.866.866.4 File:""Adult_Adrenalgland_Gel_Elite_49_f22.raw"", NativeID:""controllerType=0 controllerNumber=1 scan=866""",SHHQDGSDNEEEVSKR,0,719.6594
"Adult_Adrenalgland_Gel_Elite_49_f22.3253.3253.3 File:""Adult_Adrenalgland_Gel_Elite_49_f22.raw"", NativeID:""controllerType=0 controllerNumber=1 scan=3253""",EKLTPEQLHSMR,10|Oxidation,1546.0353
"Adult_Adrenalgland_Gel_Elite_49_f22.1272.1272.3 File:""Adult_Adrenalgland_Gel_Elite_49_f22.raw"", NativeID:""controllerType=0 controllerNumber=1 scan=1272""",LPQTSDDEKK,0,875.8373
"Adult_Adrenalgland_Gel_Elite_49_f22.889.889.3 File:""Adult_Adrenalgland_Gel_Elite_49_f22.raw"", NativeID:""controllerType=0 controllerNumber=1 scan=889""",DKPEHVGVK,0,729.1878
"Adult_Adrenalgland_Gel_Elite_49_f22.892.892.2 File:""Adult_Adrenalgland_Gel_Elite_49_f22.raw"", NativeID:""controllerType=0 controllerNumber=1 scan=892""",DKPEHVGVK,0,730.0854
"Adult_Adrenalgland_Gel_Elite_49_f22.10024.10024.2 File:""Adult_Adrenalgland_Gel_Elite_49_f22.raw"", NativeID:""controllerType=0 controllerNumber=1 scan=10024""",TYFPHFDLSHGSAQVK,0,3435.5777
"Adult_Adrenalgland_Gel_Elite_49_f22.4407.4407.2 File:""Adult_Adrenalgland_Gel_Elite_49_f22.raw"", NativeID:""controllerType=0 controllerNumber=1 scan=4407""",SMDNMTVR,0,1911.3222
"Adult_Adrenalgland_Gel_Elite_49_f22.8433.8433.4 File:""Adult_Adrenalgland_Gel_Elite_49_f22.raw"", NativeID:""controllerType=0 controllerNumber=1 scan=8433""",ITVHFINRDGETLTTK,0,3010.874
"Adult_Adrenalgland_Gel_Elite_49_f22.6719.6719.3 File:""Adult_Adrenalgland_Gel_Elite_49_f22.raw"", NativeID:""controllerType=0 controllerNumber=1 scan=6719""",TPIKVELVAGK,0,2565.6554
"Adult_Adrenalgland_Gel_Elite_49_f22.3417.3417.3 File:""Adult_Adrenalgland_Gel_Elite_49_f22.raw"", NativeID:""controllerType=0 controllerNumber=1 scan=3417""",MSIHLIHMR,0|Oxidation|7|Oxidation,1595.8287
"Adult_Adrenalgland_Gel_Elite_49_f22.15341.15341.3 File:""Adult_Adrenalgland_Gel_Elite_49_f22.raw"", NativeID:""controllerType=0 controllerNumber=1 scan=15341""",WVTYFNKPDIDAWELR,0,4816.8991
"Adult_Adrenalgland_Gel_Elite_49_f22.3113.3113.2 File:""Adult_Adrenalgland_Gel_Elite_49_f22.raw"", NativeID:""controllerType=0 controllerNumber=1 scan=3113""",MMIPDCQR,0|Oxidation|1|Oxidation|5|Carbamidomethyl,1499.2959
"Adult_Adrenalgland_Gel_Elite_49_f22.2073.2073.2 File:""Adult_Adrenalgland_Gel_Elite_49_f22.raw"", NativeID:""controllerType=0 controllerNumber=1 scan=2073""",SMDNMTVR,4|Oxidation,1159.1646
"Adult_Adrenalgland_Gel_Elite_49_f22.1683.1683.2 File:""Adult_Adrenalgland_Gel_Elite_49_f22.raw"", NativeID:""controllerType=0 controllerNumber=1 scan=1683""",YIQEQNEK,0,1024.3028
"Adult_Adrenalgland_Gel_Elite_49_f22.6327.6327.2 File:""Adult_Adrenalgland_Gel_Elite_49_f22.raw"", NativeID:""controllerType=0 controllerNumber=1 scan=6327""",SGGGVPTDEEQATGLER,0,2457.7772
"Adult_Adrenalgland_Gel_Elite_49_f22.12984.12984.2 File:""Adult_Adrenalgland_Gel_Elite_49_f22.raw"", NativeID:""controllerType=0 controllerNumber=1 scan=12984""",VLGAFSDGLAHLDNLK,0,4194.5084
"Adult_Adrenalgland_Gel_Elite_49_f22.6909.6909.2 File:""Adult_Adrenalgland_Gel_Elite_49_f22.raw"", NativeID:""controllerType=0 controllerNumber=1 scan=6909""",ITVHFINR,0,2617.9682
"Adult_Adrenalgland_Gel_Elite_49_f22.7762.7762.2 File:""Adult_Adrenalgland_Gel_Elite_49_f22.raw"", NativeID:""controllerType=0 controllerNumber=1 scan=7762""",HNEETGDNVGPLIIK,0,2837.7573
"Adult_Adrenalgland_Gel_Elite_49_f22.7555.7555.2 File:""Adult_Adrenalgland_Gel_Elite_49_f22.raw"", NativeID:""controllerType=0 controllerNumber=1 scan=7555""",EYLLQYNDPNRR,0,2788.8593
"Adult_Adrenalgland_Gel_Elite_49_f22.15689.15689.2 File:""Adult_Adrenalgland_Gel_Elite_49_f22.raw"", NativeID:""controllerType=0 controllerNumber=1 scan=15689""",LVDQNIFSFYLSR,0,4882.1225
"Adult_Adrenalgland_Gel_Elite_49_f22.10355.10355.2 File:""Adult_Adrenalgland_Gel_Elite_49_f22.raw"", NativeID:""controllerType=0 controllerNumber=1 scan=10355""",YQLQSQENFEAFMK,12|Oxidation,3524.8089
"Adult_Adrenalgland_Gel_Elite_49_f22.7719.7719.2 File:""Adult_Adrenalgland_Gel_Elite_49_f22.raw"", NativeID:""controllerType=0 controllerNumber=1 scan=7719""",HLQVETLTQEDIK,0,2828.0133
"Adult_Adrenalgland_Gel_Elite_49_f22.13116.13116.2 File:""Adult_Adrenalgland_Gel_Elite_49_f22.raw"", NativeID:""controllerType=0 controllerNumber=1 scan=13116""",VLGAFSDGLAHLDNLKG,0,4226.2719
"Adult_Adrenalgland_Gel_Elite_49_f22.15731.15731.2 File:""Adult_Adrenalgland_Gel_Elite_49_f22.raw"", NativeID:""controllerType=0 controllerNumber=1 scan=15731""",LPGLLGNFPGPFEEEMK,0,4890.2544
"Adult_Adrenalgland_Gel_Elite_49_f22.12076.12076.3 File:""Adult_Adrenalgland_Gel_Elite_49_f22.raw"", NativeID:""controllerType=0 controllerNumber=1 scan=12076""",LLAALLHSPQLVER,0,3963.4535
"Adult_Adrenalgland_Gel_Elite_49_f22.15297.15297.2 File:""Adult_Adrenalgland_Gel_Elite_49_f22.raw"", NativeID:""controllerType=0 controllerNumber=1 scan=15297""",NIETIINTFHQYSVK,0,4808.2154
"Adult_Adrenalgland_Gel_Elite_49_f22.13126.13126.2 File:""Adult_Adrenalgland_Gel_Elite_49_f22.raw"", NativeID:""controllerType=0 controllerNumber=1 scan=13126""",VLGAFSDGLAHLDNLK,0,4228.5285
"Adult_Adrenalgland_Gel_Elite_49_f22.4159.4159.2 File:""Adult_Adrenalgland_Gel_Elite_49_f22.raw"", NativeID:""controllerType=0 controllerNumber=1 scan=4159""",NIIHGSDSVESAEK,0,1835.4942
"Adult_Adrenalgland_Gel_Elite_49_f22.9762.9762.2 File:""Adult_Adrenalgland_Gel_Elite_49_f22.raw"", NativeID:""controllerType=0 controllerNumber=1 scan=9762""",TVEEAENIAVTSGVVR,0,3366.445
"Adult_Adrenalgland_Gel_Elite_49_f22.635.635.2 File:""Adult_Adrenalgland_Gel_Elite_49_f22.raw"", NativeID:""controllerType=0 controllerNumber=1 scan=635""",SGAPAAESK,0,625.2967
"Adult_Adrenalgland_Gel_Elite_49_f22.7670.7670.2 File:""Adult_Adrenalgland_Gel_Elite_49_f22.raw"", NativeID:""controllerType=0 controllerNumber=1 scan=7670""",VNVDAVGGEALGR,0,2816.6208
"Adult_Adrenalgland_Gel_Elite_49_f22.12048.12048.3 File:""Adult_Adrenalgland_Gel_Elite_49_f22.raw"", NativeID:""controllerType=0 controllerNumber=1 scan=12048""",YVWLVYEQDRPLK,0,3956.6565
"Adult_Adrenalgland_Gel_Elite_49_f22.13621.13621.2 File:""Adult_Adrenalgland_Gel_Elite_49_f22.raw"", NativeID:""controllerType=0 controllerNumber=1 scan=13621""",ALSALSDLHAHK,0,4352.6127
"Adult_Adrenalgland_Gel_Elite_49_f22.12266.12266.2 File:""Adult_Adrenalgland_Gel_Elite_49_f22.raw"", NativeID:""controllerType=0 controllerNumber=1 scan=12266""",CWIHHK,0|Carbamidomethyl,4009.8108
"Adult_Adrenalgland_Gel_Elite_49_f22.7500.7500.2 File:""Adult_Adrenalgland_Gel_Elite_49_f22.raw"", NativeID:""controllerType=0 controllerNumber=1 scan=7500""",AEYHADIYDK,0,2775.034
"Adult_Adrenalgland_Gel_Elite_49_f22.1501.1501.2 File:""Adult_Adrenalgland_Gel_Elite_49_f22.raw"", NativeID:""controllerType=0 controllerNumber=1 scan=1501""",VDHCPIK,3|Carbamidomethyl,960.1798
"Adult_Adrenalgland_Gel_Elite_49_f22.13250.13250.2 File:""Adult_Adrenalgland_Gel_Elite_49_f22.raw"", NativeID:""controllerType=0 controllerNumber=1 scan=13250""",VLGAFSDGLAHLDNLK,0,4259.7161
"Adult_Adrenalgland_Gel_Elite_49_f22.16021.16021.2 File:""Adult_Adrenalgland_Gel_Elite_49_f22.raw"", NativeID:""controllerType=0 controllerNumber=1 scan=16021""",SLLSLPLVGSLPFLPR,0,4947.5245
"Adult_Adrenalgland_Gel_Elite_49_f22.3400.3400.2 File:""Adult_Adrenalgland_Gel_Elite_49_f22.raw"", NativeID:""controllerType=0 controllerNumber=1 scan=3400""",LSPEEVQK,0,1591.0159
"Adult_Adrenalgland_Gel_Elite_49_f22.5209.5209.2 File:""Adult_Adrenalgland_Gel_Elite_49_f22.raw"", NativeID:""controllerType=0 controllerNumber=1 scan=5209""",NFGSYVTHETK,0,2150.0076
"Adult_Adrenalgland_Gel_Elite_49_f22.12722.12722.2 File:""Adult_Adrenalgland_Gel_Elite_49_f22.raw"", NativeID:""controllerType=0 controllerNumber=1 scan=12722""",LSLLEVGCGTGANFK,7|Carbamidomethyl,4127.5492
"Adult_Adrenalgland_Gel_Elite_49_f22.11376.11376.2 File:""Adult_Adrenalgland_Gel_Elite_49_f22.raw"", NativeID:""controllerType=0 controllerNumber=1 scan=11376""",DQGTYEDYVEGLR,0,3792.7307
"Adult_Adrenalgland_Gel_Elite_49_f22.6923.6923.3 File:""Adult_Adrenalgland_Gel_Elite_49_f22.raw"", NativeID:""controllerType=0 controllerNumber=1 scan=6923""",ITVHFINR,0,2622.5727
"Adult_Adrenalgland_Gel_Elite_49_f22.3949.3949.2 File:""Adult_Adrenalgland_Gel_Elite_49_f22.raw"", NativeID:""controllerType=0 controllerNumber=1 scan=3949""",AHQLQALR,0,1764.8401
"Adult_Adrenalgland_Gel_Elite_49_f22.15467.15467.3 File:""Adult_Adrenalgland_Gel_Elite_49_f22.raw"", NativeID:""controllerType=0 controllerNumber=1 scan=15467""",LTVLEGDILDEPFLKR,0,4841.3782
"Adult_Adrenalgland_Gel_Elite_49_f22.15268.15268.2 File:""Adult_Adrenalgland_Gel_Elite_49_f22.raw"", NativeID:""controllerType=0 controllerNumber=1 scan=15268""",LVINGNPITIFQER,0,4801.5759
"Adult_Adrenalgland_Gel_Elite_49_f22.7243.7243.2 File:""Adult_Adrenalgland_Gel_Elite_49_f22.raw"", NativeID:""controllerType=0 controllerNumber=1 scan=7243""",RISGLIYEETR,0,2708.3092
"Adult_Adrenalgland_Gel_Elite_49_f22.15539.15539.3 File:""Adult_Adrenalgland_Gel_Elite_49_f22.raw"", NativeID:""controllerType=0 controllerNumber=1 scan=15539""",LLGNVLVCVLAHHFGK,7|Carbamidomethyl,4854.9085
"Adult_Adrenalgland_Gel_Elite_49_f22.16049.16049.2 File:""Adult_Adrenalgland_Gel_Elite_49_f22.raw"", NativeID:""controllerType=0 controllerNumber=1 scan=16049""",YFILPDSLPLDTLLVDVEPK,0,4953.5645
"Adult_Adrenalgland_Gel_Elite_49_f22.2168.2168.2 File:""Adult_Adrenalgland_Gel_Elite_49_f22.raw"", NativeID:""controllerType=0 controllerNumber=1 scan=2168""",DGETLTTK,0,1191.7931
"Adult_Adrenalgland_Gel_Elite_49_f22.1244.1244.2 File:""Adult_Adrenalgland_Gel_Elite_49_f22.raw"", NativeID:""controllerType=0 controllerNumber=1 scan=1244""",ENVAETEK,0,864.9914
"Adult_Adrenalgland_Gel_Elite_49_f22.902.902.2 File:""Adult_Adrenalgland_Gel_Elite_49_f22.raw"", NativeID:""controllerType=0 controllerNumber=1 scan=902""",SSHFER,0,734.3647
"Adult_Adrenalgland_Gel_Elite_49_f22.14545.14545.2 File:""Adult_Adrenalgland_Gel_Elite_49_f22.raw"", NativeID:""controllerType=0 controllerNumber=1 scan=14545""",MLVNENFEEYLR,0,4607.391
"Adult_Adrenalgland_Gel_Elite_49_f22.13186.13186.2 File:""Adult_Adrenalgland_Gel_Elite_49_f22.raw"", NativeID:""controllerType=0 controllerNumber=1 scan=13186""",PPYTVVYFPVR,0,4241.0558
"Adult_Adrenalgland_Gel_Elite_49_f22.10242.10242.2 File:""Adult_Adrenalgland_Gel_Elite_49_f22.raw"", NativeID:""controllerType=0 controllerNumber=1 scan=10242""",GWEEGVAQMSVGQR,0,3496.249
"Adult_Adrenalgland_Gel_Elite_49_f22.11269.11269.4 File:""Adult_Adrenalgland_Gel_Elite_49_f22.raw"", NativeID:""controllerType=0 controllerNumber=1 scan=11269""",GTFATLSELHCDKLHVDPENFR,10|Carbamidomethyl,3767.1221
"Adult_Adrenalgland_Gel_Elite_49_f22.3980.3980.2 File:""Adult_Adrenalgland_Gel_Elite_49_f22.raw"", NativeID:""controllerType=0 controllerNumber=1 scan=3980""",IAYYASK,0,1774.7498
"Adult_Adrenalgland_Gel_Elite_49_f22.9782.9782.2 File:""Adult_Adrenalgland_Gel_Elite_49_f22.raw"", NativeID:""controllerType=0 controllerNumber=1 scan=9782""",TYFPHFDLSHGSAQVK,0,3370.7532
"Adult_Adrenalgland_Gel_Elite_49_f22.7299.7299.2 File:""Adult_Adrenalgland_Gel_Elite_49_f22.raw"", NativeID:""controllerType=0 controllerNumber=1 scan=7299""",DVIATDKEDVAFK,0,2723.1085
"Adult_Adrenalgland_Gel_Elite_49_f22.1408.1408.2 File:""Adult_Adrenalgland_Gel_Elite_49_f22.raw"", NativeID:""controllerType=0 controllerNumber=1 scan=1408""",HGDPGDAAQQEAK,0,926.0366
"Adult_Adrenalgland_Gel_Elite_49_f22.9533.9533.3 File:""Adult_Adrenalgland_Gel_Elite_49_f22.raw"", NativeID:""controllerType=0 controllerNumber=1 scan=9533""",CVICDSYVRPCTLVR,0|Carbamidomethyl|3|Carbamidomethyl|10|Carbamidomethyl,3308.5377
"Adult_Adrenalgland_Gel_Elite_49_f22.14958.14958.4 File:""Adult_Adrenalgland_Gel_Elite_49_f22.raw"", NativeID:""controllerType=0 controllerNumber=1 scan=14958""",GTFATLSELHCDKLHVDPENFR,10|Carbamidomethyl,4719.8245
"Adult_Adrenalgland_Gel_Elite_49_f22.3054.3054.2 File:""Adult_Adrenalgland_Gel_Elite_49_f22.raw"", NativeID:""controllerType=0 controllerNumber=1 scan=3054""",PGPTPSGTNVGSSGR,0,1478.6378
"Adult_Adrenalgland_Gel_Elite_49_f22.1668.1668.2 File:""Adult_Adrenalgland_Gel_Elite_49_f22.raw"", NativeID:""controllerType=0 controllerNumber=1 scan=1668""",LAPQAER,0,1018.7061
"Adult_Adrenalgland_Gel_Elite_49_f22.8963.8963.2 File:""Adult_Adrenalgland_Gel_Elite_49_f22.raw"", NativeID:""controllerType=0 controllerNumber=1 scan=8963""",LILTLTHGTAVCTR,11|Carbamidomethyl,3156.8504
"Adult_Adrenalgland_Gel_Elite_49_f22.3912.3912.2 File:""Adult_Adrenalgland_Gel_Elite_49_f22.raw"", NativeID:""controllerType=0 controllerNumber=1 scan=3912""",FFHETEAPRPK,0,1754.4069
"Adult_Adrenalgland_Gel_Elite_49_f22.14877.14877.4 File:""Adult_Adrenalgland_Gel_Elite_49_f22.raw"", NativeID:""controllerType=0 controllerNumber=1 scan=14877""",ANEFHDVNCEVVAVSVDSHFSHLAWINTPR,8|Carbamidomethyl,4698.8124
"Adult_Adrenalgland_Gel_Elite_49_f22.9394.9394.3 File:""Adult_Adrenalgland_Gel_Elite_49_f22.raw"", NativeID:""controllerType=0 controllerNumber=1 scan=9394""",NKDQGTYEDYVEGLR,0,3270.379
"Adult_Adrenalgland_Gel_Elite_49_f22.10500.10500.2 File:""Adult_Adrenalgland_Gel_Elite_49_f22.raw"", NativeID:""controllerType=0 controllerNumber=1 scan=10500""",VADALTNAVAHVDDMPN,14|Oxidation,3561.1718
"Adult_Adrenalgland_Gel_Elite_49_f22.5284.5284.2 File:""Adult_Adrenalgland_Gel_Elite_49_f22.raw"", NativeID:""controllerType=0 controllerNumber=1 scan=5284""",EIVQDGDHMIIR,8|Oxidation,2170.7225
"Adult_Adrenalgland_Gel_Elite_49_f22.5948.5948.3 File:""Adult_Adrenalgland_Gel_Elite_49_f22.raw"", NativeID:""controllerType=0 controllerNumber=1 scan=5948""",DNIQGITKPAIR,0,2353.0071
"Adult_Adrenalgland_Gel_Elite_49_f22.9060.9060.2 File:""Adult_Adrenalgland_Gel_Elite_49_f22.raw"", NativeID:""controllerType=0 controllerNumber=1 scan=9060""",DPDAQPGGELMLGGTDSK,0,3181.9574
"Adult_Adrenalgland_Gel_Elite_49_f22.16416.16416.4 File:""Adult_Adrenalgland_Gel_Elite_49_f22.raw"", NativeID:""controllerType=0 controllerNumber=1 scan=16416""",GTFATLSELHCDKLHVDPENFR,10|Carbamidomethyl,5066.4138
